<?xml version="1.0" encoding="UTF-8"?>
<!DOCTYPE suite SYSTEM "http://testng.org/testng-1.0.dtd">
<suite thread-count="1" verbose="10" name="Instrument Receipt"
	parallel="false">


	<test name="EndToEnd">
		<parameter name="ModuleName" value="EndToEnd" />
		<classes>
			<class name="end_To_end_flow.EndToEnd">
				<methods>
					<include name="DataEntry_Auth" />
					<include name="Deferred_Collection_Entry_and_Auth" />
					<include name="Deferred_Enrichment_Entry_With_Auth" />
					<include name="Instrument_Liquidation_With_Auth" />
					<include name="Instrument_Receipt_With_Auth" />
					<include name="Deferred_Remarks_Entry_With_Auth" />
					<include name="Schedule_Liquidation_With_Auth" />
					<include name="Instrument_LiqStat_Reversa_With_Auth" />
				</methods>
			</class>
		</classes>
	</test>
</suite>
