<?xml version="1.0" encoding="UTF-8"?>
<!DOCTYPE suite SYSTEM "http://testng.org/testng-1.0.dtd" >

<suite name="iCollect Automation Suite">
	<listeners>
		<listener class-name="com.util.Log" />
	</listeners>
	<suite-files>
		<!-- <suite-file path="DataEntry.xml" /> -->
		<suite-file path="DeferredCollection.xml" />
		<suite-file path="DeferredEnrichment.xml" />
		<suite-file path="DeferredRemarks.xml" />
		<suite-file path="InstrumentLiquidation.xml" />
		<suite-file path="InstrumentReceipt.xml" />
		<suite-file path="scheduleLiquidation.xml" />
		<suite-file path="InstrumentLiqStatReversal.xml" />
	</suite-files>
</suite>