<?xml version="1.0" encoding="UTF-8"?>
<!DOCTYPE suite SYSTEM "http://testng.org/testng-1.0.dtd">
<suite name="Suite">
	<listeners>
		<listener class-name="com.util.Log" />
	</listeners>
	
<!-- 	<test name="Login Test">
		<parameter name="ModuleName" value="a" />
		<classes>
			<class
				name="com.Icollect.pagesTest_B_Type.LoginPageTest" />
		</classes>
	</test> -->
	
	<!-- <test name="DataEntry And Auth Page Test">
		<parameter name="ModuleName" value="DataEntryAndAuthPage" />
		<classes>
			<class
				name="com.Icollect.pagesTest_O_Type.DataEntryAndAuthPageTest_O_Type_multiplenstWithMultiPleEnrichment" />
		</classes>
	</test>

	<test name="Download Schedule Test">
	<parameter name="ModuleName" value="DownloadScheduleTest" />
		<classes>
			<class name="com.Icollect.pagesTest_O_Type.DownloadScheduleTest_O_Type" />
		</classes>
	</test>

	<test name="Corr Bank With drawal Disp Bank Wise And Auth Test">
	<parameter name="ModuleName" value="CorrBankWithdrawalDispBankWise" />
		<classes>
			<class
				name="com.Icollect.pagesTest_O_Type.CorrBankWithdrawalDispBankWiseAndAuthTest_O_Type" />
		</classes>
	</test>

 	<test name="Instrument Liquidation Page With Auth Test">
	  <parameter name="ModuleName" value="InstrumentLiquidationPageTest" />
		<classes>
			<class
				name="com.Icollect.pagesTest_O_Type.InstrumentLiquidationPagewithAuthTest_O_Type" />
		</classes>
	</test>
	
	<test name="Dispatch Allocation Test">
	   <parameter name="ModuleName" value="DispatchAllocationTest" />
		<classes>
			<class
				name="com.Icollect.pagesTest_O_Type.DispatchAllocationAndAuthPageTest_O_Type" />
		</classes>
	</test> -->


	<!-- <test name="Instrument Receipt Page With Auth Test">
	  <parameter name="ModuleName" value="InstrumentReceiptPageTest" />
		<classes>
			<class
				name="com.Icollect.pagesTest_O_Type.InstrumentReceiptPageWithAuthTest_O_Type" />
		</classes>
	</test>

	<test name="Schedule Liquidation Page With Auth Test">
		<parameter name="ModuleName" value="DownloadScheduleTest" />
		<classes>
			<class
				name="com.Icollect.pagesTest_O_Type.ScheduleLiquidationPageWithAuthTest_O_Type" />
		</classes>
	</test>

	<test name="Instrument Liq Stat Reversal Page With Auth Test">
	   <parameter name="ModuleName" value="InstrumentLiqStatReversalPageTest" />
		<classes>
			<class
				name="com.Icollect.pagesTest_O_Type.InstrumentLiqStatReversalPageWithAuthTest_O_Type" />
		</classes>
	</test>  -->
	
<!-- 	<test name="DataEntry And Auth Page Test">
		<parameter name="ModuleName" value="DataEntryAndAuthPage" />
		<classes>
			<class
				name="com.Icollect.pagesTest_N_Type.DataEntryAndAuthPageTest" />
		</classes>
	</test>
	 -->
	 
	 <!--   <test name="TransactionUploadPageTest">
      <parameter name="ModuleName" value="TransactionUpload" />
        <classes>
            <class name="com.Icollect.pagesTest_N_Type.TransactioUploadAndAuthTest_N_Type">
            <methods>
                <include name="Verify_that_upload_file_successfully_and_validate_the_messages_valid_File_Upload" />
            </methods>
            </class>
        </classes>
    </test>   -->
    
      <test name="TransactionUploadPageTest">
      <parameter name="ModuleName" value="TransactionUpload" />
        <classes>
            <class name="com.Icollect.pagesTest_N_Type.TransactioUploadAndAuthTest_N_Type">
            <methods>
              <!--   <include name="Verify_that_upload_file_successfully_and_validate_the_messages_valid_File_Upload" /> -->
            </methods>
            </class>
        </classes>
    </test>   
    
 

</suite> <!-- Suite -->
